product_name,question,answer
Điều hòa Daikin,Điều hòa Daikin có tốn điện không?,"Thưa anh/chị, điều hòa Daikin bên em được thiết kế với công nghệ Inverter tiên tiến, giúp tiết kiệm điện năng đáng kể. Tùy theo model cụ thể, điều hòa Daikin có thể tiết kiệm đến 50% điện năng so với điều hòa thông thường. Đây là lựa chọn tuyệt vời nếu anh/chị quan tâm đến vấn đề tiết kiệm chi phí điện hàng tháng."
Điều hòa Carrier,Điều hòa Carrier có khả năng lọc không khí không?,"Vâng ạ , điều hòa Carrier bên em được trang bị hệ thống lọc khí hiện đại. Nhiều model có tích hợp bộ lọc than hoạt tính và màng lọc kháng khuẩn, giúp loại bỏ bụi bẩn, mùi hôi và các tác nhân gây dị ứng. Điều này không chỉ làm mát không khí mà còn mang lại bầu không khí trong lành. Nếu gia đình anh/chị có trẻ nhỏ hoặc người già thì đây là một sự chọn hoàn hảo."
Điều hòa Daikin,Điều hòa Daikin có chế độ hẹn giờ không?,"Tất nhiên rồi ạ. Hầu hết các model điều hòa Daikin đều được trang bị chức năng hẹn giờ thông minh. Bạn có thể dễ dàng cài đặt thời gian bật/tắt tự động theo ý muốn. Điều này rất tiện lợi, giúp anh/chị tiết kiệm điện và tận hưởng không gian mát lạnh ngay khi về nhà hoặc thức dậy vào buổi sáng."
Điều hòa Carrier,Điều hòa Carrier có bền không?,"Điều hòa Carrier bên em nổi tiếng với độ bền và độ tin cậy cao. Các sản phẩm của Carrier được sản xuất theo tiêu chuẩn quốc tế, sử dụng linh kiện chất lượng cao. Với việc bảo dưỡng định kỳ đúng cách, điều hòa Carrier có thể hoạt động hiệu quả trong nhiều năm. Bên em cũng cung cấp chế độ bảo hành tốt để khách hàng yên tâm sử dụng."
Điều hòa Daikin,Điều hòa Daikin có phù hợp cho phòng ngủ không?,"Chắc chắn rồi ạ. Điều hòa Daikin có nhiều tính năng đặc biệt phù hợp cho phòng ngủ. Chế độ ngủ đêm giúp điều chỉnh nhiệt độ tự động, tạo môi trường ngủ lý tưởng. Đặc biệt, nhiều model hoạt động cực kỳ êm ái, gần như không gây tiếng ồn, đảm bảo giấc ngủ sâu và ngon của anh/chị."
Điều hòa Carrier,Điều hòa Carrier có dễ vệ sinh không?,"Có ạ, điều hòa Carrier được thiết kế với tính năng tự làm sạch và các bộ phận dễ tháo lắp. Việc vệ sinh định kỳ rất đơn giản, anh/chị có thể tự thực hiện tại nhà. Tuy nhiên, để đảm bảo hiệu suất tối ưu, bên em khuyến nghị nên có chuyên viên kiểm tra và bảo dưỡng toàn diện 6 tháng/lần."
Điều hòa Daikin,Điều hòa Daikin có chế độ làm lạnh nhanh không?,"Điều hòa Daikin của bên em được trang bị công nghệ làm lạnh nhanh Powerful/Quick Cool. Chỉ cần một nút bấm, điều hòa sẽ hoạt động ở công suất tối đa, giúp làm mát phòng nhanh chóng trong vòng 20 phút. Đây là tính năng rất hữu ích khi anh/chị vừa về nhà trong ngày nóng bức. Một sự lựa chọn tuyệt vời phải không ạ."
Điều hòa Carrier,Điều hòa Carrier có tiết kiệm điện không?,"Điều hòa Carrier được trang bị công nghệ Inverter tiên tiến, giúp tối ưu hóa việc sử dụng điện năng. So với các dòng điều hòa thông thường, Carrier Inverter có thể giúp tiết kiệm từ 30-50% điện năng. Điều này không chỉ giúp giảm hóa đơn tiền điện nhà mình mà còn góp phần bảo vệ môi trường."
Điều hòa Daikin,Điều hòa Daikin có nhiều model để lựa chọn không?,"Dòng điều hòa Daikin cung cấp đa dạng model điều hòa để đáp ứng mọi nhu cầu của gia đình mình. Từ dòng tiêu chuẩn đến cao cấp, từ điều hòa 1 chiều đến 2 chiều, từ loại treo tường đến âm trần. Bên em sẽ tư vấn kỹ để gia đình mình chọn được model phù hợp nhất với không gian và nhu cầu sử dụng ạ."
Điều hòa Carrier,Điều hòa Carrier có chế độ bảo hành như thế nào?,"Carrier cung cấp chế độ bảo hành cạnh tranh trên thị trường. Thông thường, điều hòa Carrier được bảo hành 24 tháng cho toàn bộ máy và 5 năm cho block máy nén. Ngoài ra, bên em còn có dịch vụ hậu mãi và hỗ trợ kỹ thuật 24/7 để đảm bảo anh/chị luôn hài lòng với sản phẩm."
Điều hòa Daikin,Làm sao để chọn công suất điều hòa Daikin phù hợp?,"Để chọn công suất phù hợp, em khuyên anh/chị cần xem xét diện tích phòng, số lượng người sử dụng, hướng phòng và các nguồn nhiệt trong phòng. Ví dụ, phòng 15-20m2 thường phù hợp với điều hòa 1-1.5HP. Tuy nhiên, để chắc chắn, gia đình mình có thể cung cấp thông tin chi tiết về không gian sử dụng để em tư vấn cụ thể để đảm bảo lựa chọn tối ưu nhất."
Điều hòa Daikin,Các model điều hòa Daikin phổ biến hiện nay có giá bao nhiêu?,"Theo em biết, giá điều hòa Daikin dao động từ khoảng 8 triệu đến 30 triệu đồng tùy model và công suất. Ví dụ, dòng Daikin 1 chiều 9000BTU giá khoảng 8-10 triệu, trong khi dòng cao cấp Daikin 2 chiều Inverter 18000BTU có giá khoảng 20-25 triệu. Hiện tại bên em đang có chương trình ưu đãi giảm giá đến 15% cho một số model, gia đình mình quan tâm model nào cụ thể, em sẽ báo giá chi tiết ạ."
Điều hòa Carrier,Điều hòa Carrier có những công suất nào?,"Carrier cung cấp đa dạng công suất từ 9000BTU đến 24000BTU phù hợp với mọi không gian. Cụ thể:
- 9000BTU (1HP): Phù hợp phòng 15-20m2
- 12000BTU (1.5HP): Phù hợp phòng 20-30m2
- 18000BTU (2HP): Phù hợp phòng 30-40m2
Anh/chị cần làm mát diện tích bao nhiêu, em sẽ tư vấn model phù hợp nhất ạ. "
Điều hòa Daikin và Carrier,Cho tôi xem điều hòa khoảng 10 triệu,"Dạ, với ngân sách khoảng 10 triệu, chúng ta có một số lựa chọn tuyệt vời. Ví dụ như điều hòa Carrier Inverter 1 chiều 12000 BTU có giá khoảng 11.2 triệu, rất gần với ngân sách của anh/chị. Đây là model tiết kiệm điện, làm lạnh nhanh và hoạt động êm ái. Nếu anh/chị muốn tiết kiệm hơn, Daikin cũng có model 9000 BTU phù hợp với không gian nhỏ, giá chỉ khoảng 9.5 triệu."
Điều hòa Daikin và Carrier,Điều hòa có công suất 9000BTU,"Vâng, điều hòa 9000 BTU là lựa chọn tuyệt vời cho không gian khoảng 15-20m2 như phòng ngủ nhỏ hoặc phòng làm việc. Daikin có model 9000 BTU rất được ưa chuộng, làm lạnh nhanh và tiết kiệm điện. Carrier cũng có dòng có công suất tương tự, phù hợp với nhu cầu của anh/chị. Cả hai đều có chế độ Inverter giúp tiết kiệm điện đáng kể. Anh/chị quan tâm đến tính năng nào cụ thể của điều hòa 9000 BTU không ạ?"
Điều hòa Daikin và Carrier,Sự khác biệt giữa Daikin và Carrier?,"Cả Daikin và Carrier đều là thương hiệu uy tín trong ngành điều hòa. Daikin nổi tiếng với công nghệ Nhật Bản, tiết kiệm điện cao và độ bền bỉ. Carrier là thương hiệu Mỹ, mạnh về khả năng làm lạnh nhanh và thiết kế hiện đại. Tùy vào nhu cầu cụ thể, chúng ta có thể chọn model phù hợp nhất. Ví dụ, nếu anh/chị cần tiết kiệm điện tối đa, Daikin sẽ là lựa chọn tốt. Còn nếu cần làm lạnh nhanh cho không gian lớn, Carrier có thể phù hợp hơn."
Điều hòa Daikin và Carrier,Có hỗ trợ trả góp không?,"Dạ có ạ. Bên chúng em có chương trình trả góp 0% lãi suất trong 6 tháng đầu cho cả điều hòa Daikin và Carrier. Anh/chị chỉ cần chuẩn bị các giấy tờ cơ bản như CMND và hộ khẩu. Thủ tục đơn giản, duyệt nhanh trong ngày. Như vậy, anh/chị có thể sở hữu ngay điều hòa mà không cần lo lắng về tài chính."